3D Run ID,Shift,h,swA,swB,tet
1,4,0.5,1,1,1.22173
2,4,2.4,1,1,1.22173
3,4,4.3,1,1,1.22173
4,4,6.2,1,1,1.22173
5,4,8.1,1,1,1.22173
6,4,10,1,1,1.22173
7,4,0.5,1,3.26667,1.22173
8,4,2.4,1,3.26667,1.22173
9,4,4.3,1,3.26667,1.22173
10,4,6.2,1,3.26667,1.22173
11,4,8.1,1,3.26667,1.22173
12,4,10,1,3.26667,1.22173
13,4,0.5,1,5.53333,1.22173
14,4,2.4,1,5.53333,1.22173
15,4,4.3,1,5.53333,1.22173
16,4,6.2,1,5.53333,1.22173
17,4,8.1,1,5.53333,1.22173
18,4,10,1,5.53333,1.22173
19,4,0.5,1,7.8,1.22173
20,4,2.4,1,7.8,1.22173
21,4,4.3,1,7.8,1.22173
22,4,6.2,1,7.8,1.22173
23,4,8.1,1,7.8,1.22173
24,4,10,1,7.8,1.22173
25,4,0.5,3.26667,1,1.22173
26,4,2.4,3.26667,1,1.22173
27,4,4.3,3.26667,1,1.22173
28,4,6.2,3.26667,1,1.22173
29,4,8.1,3.26667,1,1.22173
30,4,10,3.26667,1,1.22173
31,4,0.5,3.26667,3.26667,1.22173
32,4,2.4,3.26667,3.26667,1.22173
33,4,4.3,3.26667,3.26667,1.22173
34,4,6.2,3.26667,3.26667,1.22173
35,4,8.1,3.26667,3.26667,1.22173
36,4,10,3.26667,3.26667,1.22173
37,4,0.5,3.26667,5.53333,1.22173
38,4,2.4,3.26667,5.53333,1.22173
39,4,4.3,3.26667,5.53333,1.22173
40,4,6.2,3.26667,5.53333,1.22173
41,4,8.1,3.26667,5.53333,1.22173
42,4,10,3.26667,5.53333,1.22173
43,4,0.5,3.26667,7.8,1.22173
44,4,2.4,3.26667,7.8,1.22173
45,4,4.3,3.26667,7.8,1.22173
46,4,6.2,3.26667,7.8,1.22173
47,4,8.1,3.26667,7.8,1.22173
48,4,10,3.26667,7.8,1.22173
49,4,0.5,5.53333,1,1.22173
50,4,2.4,5.53333,1,1.22173
51,4,4.3,5.53333,1,1.22173
52,4,6.2,5.53333,1,1.22173
53,4,8.1,5.53333,1,1.22173
54,4,10,5.53333,1,1.22173
55,4,0.5,5.53333,3.26667,1.22173
56,4,2.4,5.53333,3.26667,1.22173
57,4,4.3,5.53333,3.26667,1.22173
58,4,6.2,5.53333,3.26667,1.22173
59,4,8.1,5.53333,3.26667,1.22173
60,4,10,5.53333,3.26667,1.22173
61,4,0.5,5.53333,5.53333,1.22173
62,4,2.4,5.53333,5.53333,1.22173
63,4,4.3,5.53333,5.53333,1.22173
64,4,6.2,5.53333,5.53333,1.22173
65,4,8.1,5.53333,5.53333,1.22173
66,4,10,5.53333,5.53333,1.22173
67,4,0.5,5.53333,7.8,1.22173
68,4,2.4,5.53333,7.8,1.22173
69,4,4.3,5.53333,7.8,1.22173
70,4,6.2,5.53333,7.8,1.22173
71,4,8.1,5.53333,7.8,1.22173
72,4,10,5.53333,7.8,1.22173
73,4,0.5,7.8,1,1.22173
74,4,2.4,7.8,1,1.22173
75,4,4.3,7.8,1,1.22173
76,4,6.2,7.8,1,1.22173
77,4,8.1,7.8,1,1.22173
78,4,10,7.8,1,1.22173
79,4,0.5,7.8,3.26667,1.22173
80,4,2.4,7.8,3.26667,1.22173
81,4,4.3,7.8,3.26667,1.22173
82,4,6.2,7.8,3.26667,1.22173
83,4,8.1,7.8,3.26667,1.22173
84,4,10,7.8,3.26667,1.22173
85,4,0.5,7.8,5.53333,1.22173
86,4,2.4,7.8,5.53333,1.22173
87,4,4.3,7.8,5.53333,1.22173
88,4,6.2,7.8,5.53333,1.22173
89,4,8.1,7.8,5.53333,1.22173
90,4,10,7.8,5.53333,1.22173
91,4,0.5,7.8,7.8,1.22173
92,4,2.4,7.8,7.8,1.22173
93,4,4.3,7.8,7.8,1.22173
94,4,6.2,7.8,7.8,1.22173
95,4,8.1,7.8,7.8,1.22173
96,4,10,7.8,7.8,1.22173
97,4,0.5,1,1,1.25664
98,4,2.4,1,1,1.25664
99,4,4.3,1,1,1.25664
100,4,6.2,1,1,1.25664
101,4,8.1,1,1,1.25664
102,4,10,1,1,1.25664
103,4,0.5,1,3.26667,1.25664
104,4,2.4,1,3.26667,1.25664
105,4,4.3,1,3.26667,1.25664
106,4,6.2,1,3.26667,1.25664
107,4,8.1,1,3.26667,1.25664
108,4,10,1,3.26667,1.25664
109,4,0.5,1,5.53333,1.25664
110,4,2.4,1,5.53333,1.25664
111,4,4.3,1,5.53333,1.25664
112,4,6.2,1,5.53333,1.25664
113,4,8.1,1,5.53333,1.25664
114,4,10,1,5.53333,1.25664
115,4,0.5,1,7.8,1.25664
116,4,2.4,1,7.8,1.25664
117,4,4.3,1,7.8,1.25664
118,4,6.2,1,7.8,1.25664
119,4,8.1,1,7.8,1.25664
120,4,10,1,7.8,1.25664
121,4,0.5,3.26667,1,1.25664
122,4,2.4,3.26667,1,1.25664
123,4,4.3,3.26667,1,1.25664
124,4,6.2,3.26667,1,1.25664
125,4,8.1,3.26667,1,1.25664
126,4,10,3.26667,1,1.25664
127,4,0.5,3.26667,3.26667,1.25664
128,4,2.4,3.26667,3.26667,1.25664
129,4,4.3,3.26667,3.26667,1.25664
130,4,6.2,3.26667,3.26667,1.25664
131,4,8.1,3.26667,3.26667,1.25664
132,4,10,3.26667,3.26667,1.25664
133,4,0.5,3.26667,5.53333,1.25664
134,4,2.4,3.26667,5.53333,1.25664
135,4,4.3,3.26667,5.53333,1.25664
136,4,6.2,3.26667,5.53333,1.25664
137,4,8.1,3.26667,5.53333,1.25664
138,4,10,3.26667,5.53333,1.25664
139,4,0.5,3.26667,7.8,1.25664
140,4,2.4,3.26667,7.8,1.25664
141,4,4.3,3.26667,7.8,1.25664
142,4,6.2,3.26667,7.8,1.25664
143,4,8.1,3.26667,7.8,1.25664
144,4,10,3.26667,7.8,1.25664
145,4,0.5,5.53333,1,1.25664
146,4,2.4,5.53333,1,1.25664
147,4,4.3,5.53333,1,1.25664
148,4,6.2,5.53333,1,1.25664
149,4,8.1,5.53333,1,1.25664
150,4,10,5.53333,1,1.25664
151,4,0.5,5.53333,3.26667,1.25664
152,4,2.4,5.53333,3.26667,1.25664
153,4,4.3,5.53333,3.26667,1.25664
154,4,6.2,5.53333,3.26667,1.25664
155,4,8.1,5.53333,3.26667,1.25664
156,4,10,5.53333,3.26667,1.25664
157,4,0.5,5.53333,5.53333,1.25664
158,4,2.4,5.53333,5.53333,1.25664
159,4,4.3,5.53333,5.53333,1.25664
160,4,6.2,5.53333,5.53333,1.25664
161,4,8.1,5.53333,5.53333,1.25664
162,4,10,5.53333,5.53333,1.25664
163,4,0.5,5.53333,7.8,1.25664
164,4,2.4,5.53333,7.8,1.25664
165,4,4.3,5.53333,7.8,1.25664
166,4,6.2,5.53333,7.8,1.25664
167,4,8.1,5.53333,7.8,1.25664
168,4,10,5.53333,7.8,1.25664
169,4,0.5,7.8,1,1.25664
170,4,2.4,7.8,1,1.25664
171,4,4.3,7.8,1,1.25664
172,4,6.2,7.8,1,1.25664
173,4,8.1,7.8,1,1.25664
174,4,10,7.8,1,1.25664
175,4,0.5,7.8,3.26667,1.25664
176,4,2.4,7.8,3.26667,1.25664
177,4,4.3,7.8,3.26667,1.25664
178,4,6.2,7.8,3.26667,1.25664
179,4,8.1,7.8,3.26667,1.25664
180,4,10,7.8,3.26667,1.25664
181,4,0.5,7.8,5.53333,1.25664
182,4,2.4,7.8,5.53333,1.25664
183,4,4.3,7.8,5.53333,1.25664
184,4,6.2,7.8,5.53333,1.25664
185,4,8.1,7.8,5.53333,1.25664
186,4,10,7.8,5.53333,1.25664
187,4,0.5,7.8,7.8,1.25664
188,4,2.4,7.8,7.8,1.25664
189,4,4.3,7.8,7.8,1.25664
190,4,6.2,7.8,7.8,1.25664
191,4,8.1,7.8,7.8,1.25664
192,4,10,7.8,7.8,1.25664
193,4,0.5,1,1,1.29154
194,4,2.4,1,1,1.29154
195,4,4.3,1,1,1.29154
196,4,6.2,1,1,1.29154
197,4,8.1,1,1,1.29154
198,4,10,1,1,1.29154
199,4,0.5,1,3.26667,1.29154
200,4,2.4,1,3.26667,1.29154
201,4,4.3,1,3.26667,1.29154
202,4,6.2,1,3.26667,1.29154
203,4,8.1,1,3.26667,1.29154
204,4,10,1,3.26667,1.29154
205,4,0.5,1,5.53333,1.29154
206,4,2.4,1,5.53333,1.29154
207,4,4.3,1,5.53333,1.29154
208,4,6.2,1,5.53333,1.29154
209,4,8.1,1,5.53333,1.29154
210,4,10,1,5.53333,1.29154
211,4,0.5,1,7.8,1.29154
212,4,2.4,1,7.8,1.29154
213,4,4.3,1,7.8,1.29154
214,4,6.2,1,7.8,1.29154
215,4,8.1,1,7.8,1.29154
216,4,10,1,7.8,1.29154
217,4,0.5,3.26667,1,1.29154
218,4,2.4,3.26667,1,1.29154
219,4,4.3,3.26667,1,1.29154
220,4,6.2,3.26667,1,1.29154
221,4,8.1,3.26667,1,1.29154
222,4,10,3.26667,1,1.29154
223,4,0.5,3.26667,3.26667,1.29154
224,4,2.4,3.26667,3.26667,1.29154
225,4,4.3,3.26667,3.26667,1.29154
226,4,6.2,3.26667,3.26667,1.29154
227,4,8.1,3.26667,3.26667,1.29154
228,4,10,3.26667,3.26667,1.29154
229,4,0.5,3.26667,5.53333,1.29154
230,4,2.4,3.26667,5.53333,1.29154
231,4,4.3,3.26667,5.53333,1.29154
232,4,6.2,3.26667,5.53333,1.29154
233,4,8.1,3.26667,5.53333,1.29154
234,4,10,3.26667,5.53333,1.29154
235,4,0.5,3.26667,7.8,1.29154
236,4,2.4,3.26667,7.8,1.29154
237,4,4.3,3.26667,7.8,1.29154
238,4,6.2,3.26667,7.8,1.29154
239,4,8.1,3.26667,7.8,1.29154
240,4,10,3.26667,7.8,1.29154
241,4,0.5,5.53333,1,1.29154
242,4,2.4,5.53333,1,1.29154
243,4,4.3,5.53333,1,1.29154
244,4,6.2,5.53333,1,1.29154
245,4,8.1,5.53333,1,1.29154
246,4,10,5.53333,1,1.29154
247,4,0.5,5.53333,3.26667,1.29154
248,4,2.4,5.53333,3.26667,1.29154
249,4,4.3,5.53333,3.26667,1.29154
250,4,6.2,5.53333,3.26667,1.29154
251,4,8.1,5.53333,3.26667,1.29154
252,4,10,5.53333,3.26667,1.29154
253,4,0.5,5.53333,5.53333,1.29154
254,4,2.4,5.53333,5.53333,1.29154
255,4,4.3,5.53333,5.53333,1.29154
256,4,6.2,5.53333,5.53333,1.29154
257,4,8.1,5.53333,5.53333,1.29154
258,4,10,5.53333,5.53333,1.29154
259,4,0.5,5.53333,7.8,1.29154
260,4,2.4,5.53333,7.8,1.29154
261,4,4.3,5.53333,7.8,1.29154
262,4,6.2,5.53333,7.8,1.29154
263,4,8.1,5.53333,7.8,1.29154
264,4,10,5.53333,7.8,1.29154
265,4,0.5,7.8,1,1.29154
266,4,2.4,7.8,1,1.29154
267,4,4.3,7.8,1,1.29154
268,4,6.2,7.8,1,1.29154
269,4,8.1,7.8,1,1.29154
270,4,10,7.8,1,1.29154
271,4,0.5,7.8,3.26667,1.29154
272,4,2.4,7.8,3.26667,1.29154
273,4,4.3,7.8,3.26667,1.29154
274,4,6.2,7.8,3.26667,1.29154
275,4,8.1,7.8,3.26667,1.29154
276,4,10,7.8,3.26667,1.29154
277,4,0.5,7.8,5.53333,1.29154
278,4,2.4,7.8,5.53333,1.29154
279,4,4.3,7.8,5.53333,1.29154
280,4,6.2,7.8,5.53333,1.29154
281,4,8.1,7.8,5.53333,1.29154
282,4,10,7.8,5.53333,1.29154
283,4,0.5,7.8,7.8,1.29154
284,4,2.4,7.8,7.8,1.29154
285,4,4.3,7.8,7.8,1.29154
286,4,6.2,7.8,7.8,1.29154
287,4,8.1,7.8,7.8,1.29154
288,4,10,7.8,7.8,1.29154
289,4,0.5,1,1,1.32645
290,4,2.4,1,1,1.32645
291,4,4.3,1,1,1.32645
292,4,6.2,1,1,1.32645
293,4,8.1,1,1,1.32645
294,4,10,1,1,1.32645
295,4,0.5,1,3.26667,1.32645
296,4,2.4,1,3.26667,1.32645
297,4,4.3,1,3.26667,1.32645
298,4,6.2,1,3.26667,1.32645
299,4,8.1,1,3.26667,1.32645
300,4,10,1,3.26667,1.32645
301,4,0.5,1,5.53333,1.32645
302,4,2.4,1,5.53333,1.32645
303,4,4.3,1,5.53333,1.32645
304,4,6.2,1,5.53333,1.32645
305,4,8.1,1,5.53333,1.32645
306,4,10,1,5.53333,1.32645
307,4,0.5,1,7.8,1.32645
308,4,2.4,1,7.8,1.32645
309,4,4.3,1,7.8,1.32645
310,4,6.2,1,7.8,1.32645
311,4,8.1,1,7.8,1.32645
312,4,10,1,7.8,1.32645
313,4,0.5,3.26667,1,1.32645
314,4,2.4,3.26667,1,1.32645
315,4,4.3,3.26667,1,1.32645
316,4,6.2,3.26667,1,1.32645
317,4,8.1,3.26667,1,1.32645
318,4,10,3.26667,1,1.32645
319,4,0.5,3.26667,3.26667,1.32645
320,4,2.4,3.26667,3.26667,1.32645
321,4,4.3,3.26667,3.26667,1.32645
322,4,6.2,3.26667,3.26667,1.32645
323,4,8.1,3.26667,3.26667,1.32645
324,4,10,3.26667,3.26667,1.32645
325,4,0.5,3.26667,5.53333,1.32645
326,4,2.4,3.26667,5.53333,1.32645
327,4,4.3,3.26667,5.53333,1.32645
328,4,6.2,3.26667,5.53333,1.32645
329,4,8.1,3.26667,5.53333,1.32645
330,4,10,3.26667,5.53333,1.32645
331,4,0.5,3.26667,7.8,1.32645
332,4,2.4,3.26667,7.8,1.32645
333,4,4.3,3.26667,7.8,1.32645
334,4,6.2,3.26667,7.8,1.32645
335,4,8.1,3.26667,7.8,1.32645
336,4,10,3.26667,7.8,1.32645
337,4,0.5,5.53333,1,1.32645
338,4,2.4,5.53333,1,1.32645
339,4,4.3,5.53333,1,1.32645
340,4,6.2,5.53333,1,1.32645
341,4,8.1,5.53333,1,1.32645
342,4,10,5.53333,1,1.32645
343,4,0.5,5.53333,3.26667,1.32645
344,4,2.4,5.53333,3.26667,1.32645
345,4,4.3,5.53333,3.26667,1.32645
346,4,6.2,5.53333,3.26667,1.32645
347,4,8.1,5.53333,3.26667,1.32645
348,4,10,5.53333,3.26667,1.32645
349,4,0.5,5.53333,5.53333,1.32645
350,4,2.4,5.53333,5.53333,1.32645
351,4,4.3,5.53333,5.53333,1.32645
352,4,6.2,5.53333,5.53333,1.32645
353,4,8.1,5.53333,5.53333,1.32645
354,4,10,5.53333,5.53333,1.32645
355,4,0.5,5.53333,7.8,1.32645
356,4,2.4,5.53333,7.8,1.32645
357,4,4.3,5.53333,7.8,1.32645
358,4,6.2,5.53333,7.8,1.32645
359,4,8.1,5.53333,7.8,1.32645
360,4,10,5.53333,7.8,1.32645
361,4,0.5,7.8,1,1.32645
362,4,2.4,7.8,1,1.32645
363,4,4.3,7.8,1,1.32645
364,4,6.2,7.8,1,1.32645
365,4,8.1,7.8,1,1.32645
366,4,10,7.8,1,1.32645
367,4,0.5,7.8,3.26667,1.32645
368,4,2.4,7.8,3.26667,1.32645
369,4,4.3,7.8,3.26667,1.32645
370,4,6.2,7.8,3.26667,1.32645
371,4,8.1,7.8,3.26667,1.32645
372,4,10,7.8,3.26667,1.32645
373,4,0.5,7.8,5.53333,1.32645
374,4,2.4,7.8,5.53333,1.32645
375,4,4.3,7.8,5.53333,1.32645
376,4,6.2,7.8,5.53333,1.32645
377,4,8.1,7.8,5.53333,1.32645
378,4,10,7.8,5.53333,1.32645
379,4,0.5,7.8,7.8,1.32645
380,4,2.4,7.8,7.8,1.32645
381,4,4.3,7.8,7.8,1.32645
382,4,6.2,7.8,7.8,1.32645
383,4,8.1,7.8,7.8,1.32645
384,4,10,7.8,7.8,1.32645
385,4,0.5,1,1,1.36136
386,4,2.4,1,1,1.36136
387,4,4.3,1,1,1.36136
388,4,6.2,1,1,1.36136
389,4,8.1,1,1,1.36136
390,4,10,1,1,1.36136
391,4,0.5,1,3.26667,1.36136
392,4,2.4,1,3.26667,1.36136
393,4,4.3,1,3.26667,1.36136
394,4,6.2,1,3.26667,1.36136
395,4,8.1,1,3.26667,1.36136
396,4,10,1,3.26667,1.36136
397,4,0.5,1,5.53333,1.36136
398,4,2.4,1,5.53333,1.36136
399,4,4.3,1,5.53333,1.36136
400,4,6.2,1,5.53333,1.36136
401,4,8.1,1,5.53333,1.36136
402,4,10,1,5.53333,1.36136
403,4,0.5,1,7.8,1.36136
404,4,2.4,1,7.8,1.36136
405,4,4.3,1,7.8,1.36136
406,4,6.2,1,7.8,1.36136
407,4,8.1,1,7.8,1.36136
408,4,10,1,7.8,1.36136
409,4,0.5,3.26667,1,1.36136
410,4,2.4,3.26667,1,1.36136
411,4,4.3,3.26667,1,1.36136
412,4,6.2,3.26667,1,1.36136
413,4,8.1,3.26667,1,1.36136
414,4,10,3.26667,1,1.36136
415,4,0.5,3.26667,3.26667,1.36136
416,4,2.4,3.26667,3.26667,1.36136
417,4,4.3,3.26667,3.26667,1.36136
418,4,6.2,3.26667,3.26667,1.36136
419,4,8.1,3.26667,3.26667,1.36136
420,4,10,3.26667,3.26667,1.36136
421,4,0.5,3.26667,5.53333,1.36136
422,4,2.4,3.26667,5.53333,1.36136
423,4,4.3,3.26667,5.53333,1.36136
424,4,6.2,3.26667,5.53333,1.36136
425,4,8.1,3.26667,5.53333,1.36136
426,4,10,3.26667,5.53333,1.36136
427,4,0.5,3.26667,7.8,1.36136
428,4,2.4,3.26667,7.8,1.36136
429,4,4.3,3.26667,7.8,1.36136
430,4,6.2,3.26667,7.8,1.36136
431,4,8.1,3.26667,7.8,1.36136
432,4,10,3.26667,7.8,1.36136
433,4,0.5,5.53333,1,1.36136
434,4,2.4,5.53333,1,1.36136
435,4,4.3,5.53333,1,1.36136
436,4,6.2,5.53333,1,1.36136
437,4,8.1,5.53333,1,1.36136
438,4,10,5.53333,1,1.36136
439,4,0.5,5.53333,3.26667,1.36136
440,4,2.4,5.53333,3.26667,1.36136
441,4,4.3,5.53333,3.26667,1.36136
442,4,6.2,5.53333,3.26667,1.36136
443,4,8.1,5.53333,3.26667,1.36136
444,4,10,5.53333,3.26667,1.36136
445,4,0.5,5.53333,5.53333,1.36136
446,4,2.4,5.53333,5.53333,1.36136
447,4,4.3,5.53333,5.53333,1.36136
448,4,6.2,5.53333,5.53333,1.36136
449,4,8.1,5.53333,5.53333,1.36136
450,4,10,5.53333,5.53333,1.36136
451,4,0.5,5.53333,7.8,1.36136
452,4,2.4,5.53333,7.8,1.36136
453,4,4.3,5.53333,7.8,1.36136
454,4,6.2,5.53333,7.8,1.36136
455,4,8.1,5.53333,7.8,1.36136
456,4,10,5.53333,7.8,1.36136
457,4,0.5,7.8,1,1.36136
458,4,2.4,7.8,1,1.36136
459,4,4.3,7.8,1,1.36136
460,4,6.2,7.8,1,1.36136
461,4,8.1,7.8,1,1.36136
462,4,10,7.8,1,1.36136
463,4,0.5,7.8,3.26667,1.36136
464,4,2.4,7.8,3.26667,1.36136
465,4,4.3,7.8,3.26667,1.36136
466,4,6.2,7.8,3.26667,1.36136
467,4,8.1,7.8,3.26667,1.36136
468,4,10,7.8,3.26667,1.36136
469,4,0.5,7.8,5.53333,1.36136
470,4,2.4,7.8,5.53333,1.36136
471,4,4.3,7.8,5.53333,1.36136
472,4,6.2,7.8,5.53333,1.36136
473,4,8.1,7.8,5.53333,1.36136
474,4,10,7.8,5.53333,1.36136
475,4,0.5,7.8,7.8,1.36136
476,4,2.4,7.8,7.8,1.36136
477,4,4.3,7.8,7.8,1.36136
478,4,6.2,7.8,7.8,1.36136
479,4,8.1,7.8,7.8,1.36136
480,4,10,7.8,7.8,1.36136
481,4,0.5,1,1,1.39626
482,4,2.4,1,1,1.39626
483,4,4.3,1,1,1.39626
484,4,6.2,1,1,1.39626
485,4,8.1,1,1,1.39626
486,4,10,1,1,1.39626
487,4,0.5,1,3.26667,1.39626
488,4,2.4,1,3.26667,1.39626
489,4,4.3,1,3.26667,1.39626
490,4,6.2,1,3.26667,1.39626
491,4,8.1,1,3.26667,1.39626
492,4,10,1,3.26667,1.39626
493,4,0.5,1,5.53333,1.39626
494,4,2.4,1,5.53333,1.39626
495,4,4.3,1,5.53333,1.39626
496,4,6.2,1,5.53333,1.39626
497,4,8.1,1,5.53333,1.39626
498,4,10,1,5.53333,1.39626
499,4,0.5,1,7.8,1.39626
500,4,2.4,1,7.8,1.39626
501,4,4.3,1,7.8,1.39626
502,4,6.2,1,7.8,1.39626
503,4,8.1,1,7.8,1.39626
504,4,10,1,7.8,1.39626
505,4,0.5,3.26667,1,1.39626
506,4,2.4,3.26667,1,1.39626
507,4,4.3,3.26667,1,1.39626
508,4,6.2,3.26667,1,1.39626
509,4,8.1,3.26667,1,1.39626
510,4,10,3.26667,1,1.39626
511,4,0.5,3.26667,3.26667,1.39626
512,4,2.4,3.26667,3.26667,1.39626
513,4,4.3,3.26667,3.26667,1.39626
514,4,6.2,3.26667,3.26667,1.39626
515,4,8.1,3.26667,3.26667,1.39626
516,4,10,3.26667,3.26667,1.39626
517,4,0.5,3.26667,5.53333,1.39626
518,4,2.4,3.26667,5.53333,1.39626
519,4,4.3,3.26667,5.53333,1.39626
520,4,6.2,3.26667,5.53333,1.39626
521,4,8.1,3.26667,5.53333,1.39626
522,4,10,3.26667,5.53333,1.39626
523,4,0.5,3.26667,7.8,1.39626
524,4,2.4,3.26667,7.8,1.39626
525,4,4.3,3.26667,7.8,1.39626
526,4,6.2,3.26667,7.8,1.39626
527,4,8.1,3.26667,7.8,1.39626
528,4,10,3.26667,7.8,1.39626
529,4,0.5,5.53333,1,1.39626
530,4,2.4,5.53333,1,1.39626
531,4,4.3,5.53333,1,1.39626
532,4,6.2,5.53333,1,1.39626
533,4,8.1,5.53333,1,1.39626
534,4,10,5.53333,1,1.39626
535,4,0.5,5.53333,3.26667,1.39626
536,4,2.4,5.53333,3.26667,1.39626
537,4,4.3,5.53333,3.26667,1.39626
538,4,6.2,5.53333,3.26667,1.39626
539,4,8.1,5.53333,3.26667,1.39626
540,4,10,5.53333,3.26667,1.39626
541,4,0.5,5.53333,5.53333,1.39626
542,4,2.4,5.53333,5.53333,1.39626
543,4,4.3,5.53333,5.53333,1.39626
544,4,6.2,5.53333,5.53333,1.39626
545,4,8.1,5.53333,5.53333,1.39626
546,4,10,5.53333,5.53333,1.39626
547,4,0.5,5.53333,7.8,1.39626
548,4,2.4,5.53333,7.8,1.39626
549,4,4.3,5.53333,7.8,1.39626
550,4,6.2,5.53333,7.8,1.39626
551,4,8.1,5.53333,7.8,1.39626
552,4,10,5.53333,7.8,1.39626
553,4,0.5,7.8,1,1.39626
554,4,2.4,7.8,1,1.39626
555,4,4.3,7.8,1,1.39626
556,4,6.2,7.8,1,1.39626
557,4,8.1,7.8,1,1.39626
558,4,10,7.8,1,1.39626
559,4,0.5,7.8,3.26667,1.39626
560,4,2.4,7.8,3.26667,1.39626
561,4,4.3,7.8,3.26667,1.39626
562,4,6.2,7.8,3.26667,1.39626
563,4,8.1,7.8,3.26667,1.39626
564,4,10,7.8,3.26667,1.39626
565,4,0.5,7.8,5.53333,1.39626
566,4,2.4,7.8,5.53333,1.39626
567,4,4.3,7.8,5.53333,1.39626
568,4,6.2,7.8,5.53333,1.39626
569,4,8.1,7.8,5.53333,1.39626
570,4,10,7.8,5.53333,1.39626
571,4,0.5,7.8,7.8,1.39626
572,4,2.4,7.8,7.8,1.39626
573,4,4.3,7.8,7.8,1.39626
574,4,6.2,7.8,7.8,1.39626
575,4,8.1,7.8,7.8,1.39626
576,4,10,7.8,7.8,1.39626
577,5,0.5,1,1,1.22173
578,5,2.4,1,1,1.22173
579,5,4.3,1,1,1.22173
580,5,6.2,1,1,1.22173
581,5,8.1,1,1,1.22173
582,5,10,1,1,1.22173
583,5,0.5,1,3.2,1.22173
584,5,2.4,1,3.2,1.22173
585,5,4.3,1,3.2,1.22173
586,5,6.2,1,3.2,1.22173
587,5,8.1,1,3.2,1.22173
588,5,10,1,3.2,1.22173
589,5,0.5,1,5.4,1.22173
590,5,2.4,1,5.4,1.22173
591,5,4.3,1,5.4,1.22173
592,5,6.2,1,5.4,1.22173
593,5,8.1,1,5.4,1.22173
594,5,10,1,5.4,1.22173
595,5,0.5,1,7.6,1.22173
596,5,2.4,1,7.6,1.22173
597,5,4.3,1,7.6,1.22173
598,5,6.2,1,7.6,1.22173
599,5,8.1,1,7.6,1.22173
600,5,10,1,7.6,1.22173
601,5,0.5,1,9.8,1.22173
602,5,2.4,1,9.8,1.22173
603,5,4.3,1,9.8,1.22173
604,5,6.2,1,9.8,1.22173
605,5,8.1,1,9.8,1.22173
606,5,10,1,9.8,1.22173
607,5,0.5,3.2,1,1.22173
608,5,2.4,3.2,1,1.22173
609,5,4.3,3.2,1,1.22173
610,5,6.2,3.2,1,1.22173
611,5,8.1,3.2,1,1.22173
612,5,10,3.2,1,1.22173
613,5,0.5,3.2,3.2,1.22173
614,5,2.4,3.2,3.2,1.22173
615,5,4.3,3.2,3.2,1.22173
616,5,6.2,3.2,3.2,1.22173
617,5,8.1,3.2,3.2,1.22173
618,5,10,3.2,3.2,1.22173
619,5,0.5,3.2,5.4,1.22173
620,5,2.4,3.2,5.4,1.22173
621,5,4.3,3.2,5.4,1.22173
622,5,6.2,3.2,5.4,1.22173
623,5,8.1,3.2,5.4,1.22173
624,5,10,3.2,5.4,1.22173
625,5,0.5,3.2,7.6,1.22173
626,5,2.4,3.2,7.6,1.22173
627,5,4.3,3.2,7.6,1.22173
628,5,6.2,3.2,7.6,1.22173
629,5,8.1,3.2,7.6,1.22173
630,5,10,3.2,7.6,1.22173
631,5,0.5,3.2,9.8,1.22173
632,5,2.4,3.2,9.8,1.22173
633,5,4.3,3.2,9.8,1.22173
634,5,6.2,3.2,9.8,1.22173
635,5,8.1,3.2,9.8,1.22173
636,5,10,3.2,9.8,1.22173
637,5,0.5,5.4,1,1.22173
638,5,2.4,5.4,1,1.22173
639,5,4.3,5.4,1,1.22173
640,5,6.2,5.4,1,1.22173
641,5,8.1,5.4,1,1.22173
642,5,10,5.4,1,1.22173
643,5,0.5,5.4,3.2,1.22173
644,5,2.4,5.4,3.2,1.22173
645,5,4.3,5.4,3.2,1.22173
646,5,6.2,5.4,3.2,1.22173
647,5,8.1,5.4,3.2,1.22173
648,5,10,5.4,3.2,1.22173
649,5,0.5,5.4,5.4,1.22173
650,5,2.4,5.4,5.4,1.22173
651,5,4.3,5.4,5.4,1.22173
652,5,6.2,5.4,5.4,1.22173
653,5,8.1,5.4,5.4,1.22173
654,5,10,5.4,5.4,1.22173
655,5,0.5,5.4,7.6,1.22173
656,5,2.4,5.4,7.6,1.22173
657,5,4.3,5.4,7.6,1.22173
658,5,6.2,5.4,7.6,1.22173
659,5,8.1,5.4,7.6,1.22173
660,5,10,5.4,7.6,1.22173
661,5,0.5,5.4,9.8,1.22173
662,5,2.4,5.4,9.8,1.22173
663,5,4.3,5.4,9.8,1.22173
664,5,6.2,5.4,9.8,1.22173
665,5,8.1,5.4,9.8,1.22173
666,5,10,5.4,9.8,1.22173
667,5,0.5,7.6,1,1.22173
668,5,2.4,7.6,1,1.22173
669,5,4.3,7.6,1,1.22173
670,5,6.2,7.6,1,1.22173
671,5,8.1,7.6,1,1.22173
672,5,10,7.6,1,1.22173
673,5,0.5,7.6,3.2,1.22173
674,5,2.4,7.6,3.2,1.22173
675,5,4.3,7.6,3.2,1.22173
676,5,6.2,7.6,3.2,1.22173
677,5,8.1,7.6,3.2,1.22173
678,5,10,7.6,3.2,1.22173
679,5,0.5,7.6,5.4,1.22173
680,5,2.4,7.6,5.4,1.22173
681,5,4.3,7.6,5.4,1.22173
682,5,6.2,7.6,5.4,1.22173
683,5,8.1,7.6,5.4,1.22173
684,5,10,7.6,5.4,1.22173
685,5,0.5,7.6,7.6,1.22173
686,5,2.4,7.6,7.6,1.22173
687,5,4.3,7.6,7.6,1.22173
688,5,6.2,7.6,7.6,1.22173
689,5,8.1,7.6,7.6,1.22173
690,5,10,7.6,7.6,1.22173
691,5,0.5,7.6,9.8,1.22173
692,5,2.4,7.6,9.8,1.22173
693,5,4.3,7.6,9.8,1.22173
694,5,6.2,7.6,9.8,1.22173
695,5,8.1,7.6,9.8,1.22173
696,5,10,7.6,9.8,1.22173
697,5,0.5,9.8,1,1.22173
698,5,2.4,9.8,1,1.22173
699,5,4.3,9.8,1,1.22173
700,5,6.2,9.8,1,1.22173
701,5,8.1,9.8,1,1.22173
702,5,10,9.8,1,1.22173
703,5,0.5,9.8,3.2,1.22173
704,5,2.4,9.8,3.2,1.22173
705,5,4.3,9.8,3.2,1.22173
706,5,6.2,9.8,3.2,1.22173
707,5,8.1,9.8,3.2,1.22173
708,5,10,9.8,3.2,1.22173
709,5,0.5,9.8,5.4,1.22173
710,5,2.4,9.8,5.4,1.22173
711,5,4.3,9.8,5.4,1.22173
712,5,6.2,9.8,5.4,1.22173
713,5,8.1,9.8,5.4,1.22173
714,5,10,9.8,5.4,1.22173
715,5,0.5,9.8,7.6,1.22173
716,5,2.4,9.8,7.6,1.22173
717,5,4.3,9.8,7.6,1.22173
718,5,6.2,9.8,7.6,1.22173
719,5,8.1,9.8,7.6,1.22173
720,5,10,9.8,7.6,1.22173
721,5,0.5,9.8,9.8,1.22173
722,5,2.4,9.8,9.8,1.22173
723,5,4.3,9.8,9.8,1.22173
724,5,6.2,9.8,9.8,1.22173
725,5,8.1,9.8,9.8,1.22173
726,5,10,9.8,9.8,1.22173
727,5,0.5,1,1,1.25664
728,5,2.4,1,1,1.25664
729,5,4.3,1,1,1.25664
730,5,6.2,1,1,1.25664
731,5,8.1,1,1,1.25664
732,5,10,1,1,1.25664
733,5,0.5,1,3.2,1.25664
734,5,2.4,1,3.2,1.25664
735,5,4.3,1,3.2,1.25664
736,5,6.2,1,3.2,1.25664
737,5,8.1,1,3.2,1.25664
738,5,10,1,3.2,1.25664
739,5,0.5,1,5.4,1.25664
740,5,2.4,1,5.4,1.25664
741,5,4.3,1,5.4,1.25664
742,5,6.2,1,5.4,1.25664
743,5,8.1,1,5.4,1.25664
744,5,10,1,5.4,1.25664
745,5,0.5,1,7.6,1.25664
746,5,2.4,1,7.6,1.25664
747,5,4.3,1,7.6,1.25664
748,5,6.2,1,7.6,1.25664
749,5,8.1,1,7.6,1.25664
750,5,10,1,7.6,1.25664
751,5,0.5,1,9.8,1.25664
752,5,2.4,1,9.8,1.25664
753,5,4.3,1,9.8,1.25664
754,5,6.2,1,9.8,1.25664
755,5,8.1,1,9.8,1.25664
756,5,10,1,9.8,1.25664
757,5,0.5,3.2,1,1.25664
758,5,2.4,3.2,1,1.25664
759,5,4.3,3.2,1,1.25664
760,5,6.2,3.2,1,1.25664
761,5,8.1,3.2,1,1.25664
762,5,10,3.2,1,1.25664
763,5,0.5,3.2,3.2,1.25664
764,5,2.4,3.2,3.2,1.25664
765,5,4.3,3.2,3.2,1.25664
766,5,6.2,3.2,3.2,1.25664
767,5,8.1,3.2,3.2,1.25664
768,5,10,3.2,3.2,1.25664
769,5,0.5,3.2,5.4,1.25664
770,5,2.4,3.2,5.4,1.25664
771,5,4.3,3.2,5.4,1.25664
772,5,6.2,3.2,5.4,1.25664
773,5,8.1,3.2,5.4,1.25664
774,5,10,3.2,5.4,1.25664
775,5,0.5,3.2,7.6,1.25664
776,5,2.4,3.2,7.6,1.25664
777,5,4.3,3.2,7.6,1.25664
778,5,6.2,3.2,7.6,1.25664
779,5,8.1,3.2,7.6,1.25664
780,5,10,3.2,7.6,1.25664
781,5,0.5,3.2,9.8,1.25664
782,5,2.4,3.2,9.8,1.25664
783,5,4.3,3.2,9.8,1.25664
784,5,6.2,3.2,9.8,1.25664
785,5,8.1,3.2,9.8,1.25664
786,5,10,3.2,9.8,1.25664
787,5,0.5,5.4,1,1.25664
788,5,2.4,5.4,1,1.25664
789,5,4.3,5.4,1,1.25664
790,5,6.2,5.4,1,1.25664
791,5,8.1,5.4,1,1.25664
792,5,10,5.4,1,1.25664
793,5,0.5,5.4,3.2,1.25664
794,5,2.4,5.4,3.2,1.25664
795,5,4.3,5.4,3.2,1.25664
796,5,6.2,5.4,3.2,1.25664
797,5,8.1,5.4,3.2,1.25664
798,5,10,5.4,3.2,1.25664
799,5,0.5,5.4,5.4,1.25664
800,5,2.4,5.4,5.4,1.25664
801,5,4.3,5.4,5.4,1.25664
802,5,6.2,5.4,5.4,1.25664
803,5,8.1,5.4,5.4,1.25664
804,5,10,5.4,5.4,1.25664
805,5,0.5,5.4,7.6,1.25664
806,5,2.4,5.4,7.6,1.25664
807,5,4.3,5.4,7.6,1.25664
808,5,6.2,5.4,7.6,1.25664
809,5,8.1,5.4,7.6,1.25664
810,5,10,5.4,7.6,1.25664
811,5,0.5,5.4,9.8,1.25664
812,5,2.4,5.4,9.8,1.25664
813,5,4.3,5.4,9.8,1.25664
814,5,6.2,5.4,9.8,1.25664
815,5,8.1,5.4,9.8,1.25664
816,5,10,5.4,9.8,1.25664
817,5,0.5,7.6,1,1.25664
818,5,2.4,7.6,1,1.25664
819,5,4.3,7.6,1,1.25664
820,5,6.2,7.6,1,1.25664
821,5,8.1,7.6,1,1.25664
822,5,10,7.6,1,1.25664
823,5,0.5,7.6,3.2,1.25664
824,5,2.4,7.6,3.2,1.25664
825,5,4.3,7.6,3.2,1.25664
826,5,6.2,7.6,3.2,1.25664
827,5,8.1,7.6,3.2,1.25664
828,5,10,7.6,3.2,1.25664
829,5,0.5,7.6,5.4,1.25664
830,5,2.4,7.6,5.4,1.25664
831,5,4.3,7.6,5.4,1.25664
832,5,6.2,7.6,5.4,1.25664
833,5,8.1,7.6,5.4,1.25664
834,5,10,7.6,5.4,1.25664
835,5,0.5,7.6,7.6,1.25664
836,5,2.4,7.6,7.6,1.25664
837,5,4.3,7.6,7.6,1.25664
838,5,6.2,7.6,7.6,1.25664
839,5,8.1,7.6,7.6,1.25664
840,5,10,7.6,7.6,1.25664
841,5,0.5,7.6,9.8,1.25664
842,5,2.4,7.6,9.8,1.25664
843,5,4.3,7.6,9.8,1.25664
844,5,6.2,7.6,9.8,1.25664
845,5,8.1,7.6,9.8,1.25664
846,5,10,7.6,9.8,1.25664
847,5,0.5,9.8,1,1.25664
848,5,2.4,9.8,1,1.25664
849,5,4.3,9.8,1,1.25664
850,5,6.2,9.8,1,1.25664
851,5,8.1,9.8,1,1.25664
852,5,10,9.8,1,1.25664
853,5,0.5,9.8,3.2,1.25664
854,5,2.4,9.8,3.2,1.25664
855,5,4.3,9.8,3.2,1.25664
856,5,6.2,9.8,3.2,1.25664
857,5,8.1,9.8,3.2,1.25664
858,5,10,9.8,3.2,1.25664
859,5,0.5,9.8,5.4,1.25664
860,5,2.4,9.8,5.4,1.25664
861,5,4.3,9.8,5.4,1.25664
862,5,6.2,9.8,5.4,1.25664
863,5,8.1,9.8,5.4,1.25664
864,5,10,9.8,5.4,1.25664
865,5,0.5,9.8,7.6,1.25664
866,5,2.4,9.8,7.6,1.25664
867,5,4.3,9.8,7.6,1.25664
868,5,6.2,9.8,7.6,1.25664
869,5,8.1,9.8,7.6,1.25664
870,5,10,9.8,7.6,1.25664
871,5,0.5,9.8,9.8,1.25664
872,5,2.4,9.8,9.8,1.25664
873,5,4.3,9.8,9.8,1.25664
874,5,6.2,9.8,9.8,1.25664
875,5,8.1,9.8,9.8,1.25664
876,5,10,9.8,9.8,1.25664
877,5,0.5,1,1,1.29154
878,5,2.4,1,1,1.29154
879,5,4.3,1,1,1.29154
880,5,6.2,1,1,1.29154
881,5,8.1,1,1,1.29154
882,5,10,1,1,1.29154
883,5,0.5,1,3.2,1.29154
884,5,2.4,1,3.2,1.29154
885,5,4.3,1,3.2,1.29154
886,5,6.2,1,3.2,1.29154
887,5,8.1,1,3.2,1.29154
888,5,10,1,3.2,1.29154
889,5,0.5,1,5.4,1.29154
890,5,2.4,1,5.4,1.29154
891,5,4.3,1,5.4,1.29154
892,5,6.2,1,5.4,1.29154
893,5,8.1,1,5.4,1.29154
894,5,10,1,5.4,1.29154
895,5,0.5,1,7.6,1.29154
896,5,2.4,1,7.6,1.29154
897,5,4.3,1,7.6,1.29154
898,5,6.2,1,7.6,1.29154
899,5,8.1,1,7.6,1.29154
900,5,10,1,7.6,1.29154
901,5,0.5,1,9.8,1.29154
902,5,2.4,1,9.8,1.29154
903,5,4.3,1,9.8,1.29154
904,5,6.2,1,9.8,1.29154
905,5,8.1,1,9.8,1.29154
906,5,10,1,9.8,1.29154
907,5,0.5,3.2,1,1.29154
908,5,2.4,3.2,1,1.29154
909,5,4.3,3.2,1,1.29154
910,5,6.2,3.2,1,1.29154
911,5,8.1,3.2,1,1.29154
912,5,10,3.2,1,1.29154
913,5,0.5,3.2,3.2,1.29154
914,5,2.4,3.2,3.2,1.29154
915,5,4.3,3.2,3.2,1.29154
916,5,6.2,3.2,3.2,1.29154
917,5,8.1,3.2,3.2,1.29154
918,5,10,3.2,3.2,1.29154
919,5,0.5,3.2,5.4,1.29154
920,5,2.4,3.2,5.4,1.29154
921,5,4.3,3.2,5.4,1.29154
922,5,6.2,3.2,5.4,1.29154
923,5,8.1,3.2,5.4,1.29154
924,5,10,3.2,5.4,1.29154
925,5,0.5,3.2,7.6,1.29154
926,5,2.4,3.2,7.6,1.29154
927,5,4.3,3.2,7.6,1.29154
928,5,6.2,3.2,7.6,1.29154
929,5,8.1,3.2,7.6,1.29154
930,5,10,3.2,7.6,1.29154
931,5,0.5,3.2,9.8,1.29154
932,5,2.4,3.2,9.8,1.29154
933,5,4.3,3.2,9.8,1.29154
934,5,6.2,3.2,9.8,1.29154
935,5,8.1,3.2,9.8,1.29154
936,5,10,3.2,9.8,1.29154
937,5,0.5,5.4,1,1.29154
938,5,2.4,5.4,1,1.29154
939,5,4.3,5.4,1,1.29154
940,5,6.2,5.4,1,1.29154
941,5,8.1,5.4,1,1.29154
942,5,10,5.4,1,1.29154
943,5,0.5,5.4,3.2,1.29154
944,5,2.4,5.4,3.2,1.29154
945,5,4.3,5.4,3.2,1.29154
946,5,6.2,5.4,3.2,1.29154
947,5,8.1,5.4,3.2,1.29154
948,5,10,5.4,3.2,1.29154
949,5,0.5,5.4,5.4,1.29154
950,5,2.4,5.4,5.4,1.29154
951,5,4.3,5.4,5.4,1.29154
952,5,6.2,5.4,5.4,1.29154
953,5,8.1,5.4,5.4,1.29154
954,5,10,5.4,5.4,1.29154
955,5,0.5,5.4,7.6,1.29154
956,5,2.4,5.4,7.6,1.29154
957,5,4.3,5.4,7.6,1.29154
958,5,6.2,5.4,7.6,1.29154
959,5,8.1,5.4,7.6,1.29154
960,5,10,5.4,7.6,1.29154
961,5,0.5,5.4,9.8,1.29154
962,5,2.4,5.4,9.8,1.29154
963,5,4.3,5.4,9.8,1.29154
964,5,6.2,5.4,9.8,1.29154
965,5,8.1,5.4,9.8,1.29154
966,5,10,5.4,9.8,1.29154
967,5,0.5,7.6,1,1.29154
968,5,2.4,7.6,1,1.29154
969,5,4.3,7.6,1,1.29154
970,5,6.2,7.6,1,1.29154
971,5,8.1,7.6,1,1.29154
972,5,10,7.6,1,1.29154
973,5,0.5,7.6,3.2,1.29154
974,5,2.4,7.6,3.2,1.29154
975,5,4.3,7.6,3.2,1.29154
976,5,6.2,7.6,3.2,1.29154
977,5,8.1,7.6,3.2,1.29154
978,5,10,7.6,3.2,1.29154
979,5,0.5,7.6,5.4,1.29154
980,5,2.4,7.6,5.4,1.29154
981,5,4.3,7.6,5.4,1.29154
982,5,6.2,7.6,5.4,1.29154
983,5,8.1,7.6,5.4,1.29154
984,5,10,7.6,5.4,1.29154
985,5,0.5,7.6,7.6,1.29154
986,5,2.4,7.6,7.6,1.29154
987,5,4.3,7.6,7.6,1.29154
988,5,6.2,7.6,7.6,1.29154
989,5,8.1,7.6,7.6,1.29154
990,5,10,7.6,7.6,1.29154
991,5,0.5,7.6,9.8,1.29154
992,5,2.4,7.6,9.8,1.29154
993,5,4.3,7.6,9.8,1.29154
994,5,6.2,7.6,9.8,1.29154
995,5,8.1,7.6,9.8,1.29154
996,5,10,7.6,9.8,1.29154
997,5,0.5,9.8,1,1.29154
998,5,2.4,9.8,1,1.29154
999,5,4.3,9.8,1,1.29154
1000,5,6.2,9.8,1,1.29154
1001,5,8.1,9.8,1,1.29154
1002,5,10,9.8,1,1.29154
1003,5,0.5,9.8,3.2,1.29154
1004,5,2.4,9.8,3.2,1.29154
1005,5,4.3,9.8,3.2,1.29154
1006,5,6.2,9.8,3.2,1.29154
1007,5,8.1,9.8,3.2,1.29154
1008,5,10,9.8,3.2,1.29154
1009,5,0.5,9.8,5.4,1.29154
1010,5,2.4,9.8,5.4,1.29154
1011,5,4.3,9.8,5.4,1.29154
1012,5,6.2,9.8,5.4,1.29154
1013,5,8.1,9.8,5.4,1.29154
1014,5,10,9.8,5.4,1.29154
1015,5,0.5,9.8,7.6,1.29154
1016,5,2.4,9.8,7.6,1.29154
1017,5,4.3,9.8,7.6,1.29154
1018,5,6.2,9.8,7.6,1.29154
1019,5,8.1,9.8,7.6,1.29154
1020,5,10,9.8,7.6,1.29154
1021,5,0.5,9.8,9.8,1.29154
1022,5,2.4,9.8,9.8,1.29154
1023,5,4.3,9.8,9.8,1.29154
1024,5,6.2,9.8,9.8,1.29154
1025,5,8.1,9.8,9.8,1.29154
1026,5,10,9.8,9.8,1.29154
1027,5,0.5,1,1,1.32645
1028,5,2.4,1,1,1.32645
1029,5,4.3,1,1,1.32645
1030,5,6.2,1,1,1.32645
1031,5,8.1,1,1,1.32645
1032,5,10,1,1,1.32645
1033,5,0.5,1,3.2,1.32645
1034,5,2.4,1,3.2,1.32645
1035,5,4.3,1,3.2,1.32645
1036,5,6.2,1,3.2,1.32645
1037,5,8.1,1,3.2,1.32645
1038,5,10,1,3.2,1.32645
1039,5,0.5,1,5.4,1.32645
1040,5,2.4,1,5.4,1.32645
1041,5,4.3,1,5.4,1.32645
1042,5,6.2,1,5.4,1.32645
1043,5,8.1,1,5.4,1.32645
1044,5,10,1,5.4,1.32645
1045,5,0.5,1,7.6,1.32645
1046,5,2.4,1,7.6,1.32645
1047,5,4.3,1,7.6,1.32645
1048,5,6.2,1,7.6,1.32645
1049,5,8.1,1,7.6,1.32645
1050,5,10,1,7.6,1.32645
1051,5,0.5,1,9.8,1.32645
1052,5,2.4,1,9.8,1.32645
1053,5,4.3,1,9.8,1.32645
1054,5,6.2,1,9.8,1.32645
1055,5,8.1,1,9.8,1.32645
1056,5,10,1,9.8,1.32645
1057,5,0.5,3.2,1,1.32645
1058,5,2.4,3.2,1,1.32645
1059,5,4.3,3.2,1,1.32645
1060,5,6.2,3.2,1,1.32645
1061,5,8.1,3.2,1,1.32645
1062,5,10,3.2,1,1.32645
1063,5,0.5,3.2,3.2,1.32645
1064,5,2.4,3.2,3.2,1.32645
1065,5,4.3,3.2,3.2,1.32645
1066,5,6.2,3.2,3.2,1.32645
1067,5,8.1,3.2,3.2,1.32645
1068,5,10,3.2,3.2,1.32645
1069,5,0.5,3.2,5.4,1.32645
1070,5,2.4,3.2,5.4,1.32645
1071,5,4.3,3.2,5.4,1.32645
1072,5,6.2,3.2,5.4,1.32645
1073,5,8.1,3.2,5.4,1.32645
1074,5,10,3.2,5.4,1.32645
1075,5,0.5,3.2,7.6,1.32645
1076,5,2.4,3.2,7.6,1.32645
1077,5,4.3,3.2,7.6,1.32645
1078,5,6.2,3.2,7.6,1.32645
1079,5,8.1,3.2,7.6,1.32645
1080,5,10,3.2,7.6,1.32645
1081,5,0.5,3.2,9.8,1.32645
1082,5,2.4,3.2,9.8,1.32645
1083,5,4.3,3.2,9.8,1.32645
1084,5,6.2,3.2,9.8,1.32645
1085,5,8.1,3.2,9.8,1.32645
1086,5,10,3.2,9.8,1.32645
1087,5,0.5,5.4,1,1.32645
1088,5,2.4,5.4,1,1.32645
1089,5,4.3,5.4,1,1.32645
1090,5,6.2,5.4,1,1.32645
1091,5,8.1,5.4,1,1.32645
1092,5,10,5.4,1,1.32645
1093,5,0.5,5.4,3.2,1.32645
1094,5,2.4,5.4,3.2,1.32645
1095,5,4.3,5.4,3.2,1.32645
1096,5,6.2,5.4,3.2,1.32645
1097,5,8.1,5.4,3.2,1.32645
1098,5,10,5.4,3.2,1.32645
1099,5,0.5,5.4,5.4,1.32645
1100,5,2.4,5.4,5.4,1.32645
1101,5,4.3,5.4,5.4,1.32645
1102,5,6.2,5.4,5.4,1.32645
1103,5,8.1,5.4,5.4,1.32645
1104,5,10,5.4,5.4,1.32645
1105,5,0.5,5.4,7.6,1.32645
1106,5,2.4,5.4,7.6,1.32645
1107,5,4.3,5.4,7.6,1.32645
1108,5,6.2,5.4,7.6,1.32645
1109,5,8.1,5.4,7.6,1.32645
1110,5,10,5.4,7.6,1.32645
1111,5,0.5,5.4,9.8,1.32645
1112,5,2.4,5.4,9.8,1.32645
1113,5,4.3,5.4,9.8,1.32645
1114,5,6.2,5.4,9.8,1.32645
1115,5,8.1,5.4,9.8,1.32645
1116,5,10,5.4,9.8,1.32645
1117,5,0.5,7.6,1,1.32645
1118,5,2.4,7.6,1,1.32645
1119,5,4.3,7.6,1,1.32645
1120,5,6.2,7.6,1,1.32645
1121,5,8.1,7.6,1,1.32645
1122,5,10,7.6,1,1.32645
1123,5,0.5,7.6,3.2,1.32645
1124,5,2.4,7.6,3.2,1.32645
1125,5,4.3,7.6,3.2,1.32645
1126,5,6.2,7.6,3.2,1.32645
1127,5,8.1,7.6,3.2,1.32645
1128,5,10,7.6,3.2,1.32645
1129,5,0.5,7.6,5.4,1.32645
1130,5,2.4,7.6,5.4,1.32645
1131,5,4.3,7.6,5.4,1.32645
1132,5,6.2,7.6,5.4,1.32645
1133,5,8.1,7.6,5.4,1.32645
1134,5,10,7.6,5.4,1.32645
1135,5,0.5,7.6,7.6,1.32645
1136,5,2.4,7.6,7.6,1.32645
1137,5,4.3,7.6,7.6,1.32645
1138,5,6.2,7.6,7.6,1.32645
1139,5,8.1,7.6,7.6,1.32645
1140,5,10,7.6,7.6,1.32645
1141,5,0.5,7.6,9.8,1.32645
1142,5,2.4,7.6,9.8,1.32645
1143,5,4.3,7.6,9.8,1.32645
1144,5,6.2,7.6,9.8,1.32645
1145,5,8.1,7.6,9.8,1.32645
1146,5,10,7.6,9.8,1.32645
1147,5,0.5,9.8,1,1.32645
1148,5,2.4,9.8,1,1.32645
1149,5,4.3,9.8,1,1.32645
1150,5,6.2,9.8,1,1.32645
1151,5,8.1,9.8,1,1.32645
1152,5,10,9.8,1,1.32645
1153,5,0.5,9.8,3.2,1.32645
1154,5,2.4,9.8,3.2,1.32645
1155,5,4.3,9.8,3.2,1.32645
1156,5,6.2,9.8,3.2,1.32645
1157,5,8.1,9.8,3.2,1.32645
1158,5,10,9.8,3.2,1.32645
1159,5,0.5,9.8,5.4,1.32645
1160,5,2.4,9.8,5.4,1.32645
1161,5,4.3,9.8,5.4,1.32645
1162,5,6.2,9.8,5.4,1.32645
1163,5,8.1,9.8,5.4,1.32645
1164,5,10,9.8,5.4,1.32645
1165,5,0.5,9.8,7.6,1.32645
1166,5,2.4,9.8,7.6,1.32645
1167,5,4.3,9.8,7.6,1.32645
1168,5,6.2,9.8,7.6,1.32645
1169,5,8.1,9.8,7.6,1.32645
1170,5,10,9.8,7.6,1.32645
1171,5,0.5,9.8,9.8,1.32645
1172,5,2.4,9.8,9.8,1.32645
1173,5,4.3,9.8,9.8,1.32645
1174,5,6.2,9.8,9.8,1.32645
1175,5,8.1,9.8,9.8,1.32645
1176,5,10,9.8,9.8,1.32645
1177,5,0.5,1,1,1.36136
1178,5,2.4,1,1,1.36136
1179,5,4.3,1,1,1.36136
1180,5,6.2,1,1,1.36136
1181,5,8.1,1,1,1.36136
1182,5,10,1,1,1.36136
1183,5,0.5,1,3.2,1.36136
1184,5,2.4,1,3.2,1.36136
1185,5,4.3,1,3.2,1.36136
1186,5,6.2,1,3.2,1.36136
1187,5,8.1,1,3.2,1.36136
1188,5,10,1,3.2,1.36136
1189,5,0.5,1,5.4,1.36136
1190,5,2.4,1,5.4,1.36136
1191,5,4.3,1,5.4,1.36136
1192,5,6.2,1,5.4,1.36136
1193,5,8.1,1,5.4,1.36136
1194,5,10,1,5.4,1.36136
1195,5,0.5,1,7.6,1.36136
1196,5,2.4,1,7.6,1.36136
1197,5,4.3,1,7.6,1.36136
1198,5,6.2,1,7.6,1.36136
1199,5,8.1,1,7.6,1.36136
1200,5,10,1,7.6,1.36136
1201,5,0.5,1,9.8,1.36136
1202,5,2.4,1,9.8,1.36136
1203,5,4.3,1,9.8,1.36136
1204,5,6.2,1,9.8,1.36136
1205,5,8.1,1,9.8,1.36136
1206,5,10,1,9.8,1.36136
1207,5,0.5,3.2,1,1.36136
1208,5,2.4,3.2,1,1.36136
1209,5,4.3,3.2,1,1.36136
1210,5,6.2,3.2,1,1.36136
1211,5,8.1,3.2,1,1.36136
1212,5,10,3.2,1,1.36136
1213,5,0.5,3.2,3.2,1.36136
1214,5,2.4,3.2,3.2,1.36136
1215,5,4.3,3.2,3.2,1.36136
1216,5,6.2,3.2,3.2,1.36136
1217,5,8.1,3.2,3.2,1.36136
1218,5,10,3.2,3.2,1.36136
1219,5,0.5,3.2,5.4,1.36136
1220,5,2.4,3.2,5.4,1.36136
1221,5,4.3,3.2,5.4,1.36136
1222,5,6.2,3.2,5.4,1.36136
1223,5,8.1,3.2,5.4,1.36136
1224,5,10,3.2,5.4,1.36136
1225,5,0.5,3.2,7.6,1.36136
1226,5,2.4,3.2,7.6,1.36136
1227,5,4.3,3.2,7.6,1.36136
1228,5,6.2,3.2,7.6,1.36136
1229,5,8.1,3.2,7.6,1.36136
1230,5,10,3.2,7.6,1.36136
1231,5,0.5,3.2,9.8,1.36136
1232,5,2.4,3.2,9.8,1.36136
1233,5,4.3,3.2,9.8,1.36136
1234,5,6.2,3.2,9.8,1.36136
1235,5,8.1,3.2,9.8,1.36136
1236,5,10,3.2,9.8,1.36136
1237,5,0.5,5.4,1,1.36136
1238,5,2.4,5.4,1,1.36136
1239,5,4.3,5.4,1,1.36136
1240,5,6.2,5.4,1,1.36136
1241,5,8.1,5.4,1,1.36136
1242,5,10,5.4,1,1.36136
1243,5,0.5,5.4,3.2,1.36136
1244,5,2.4,5.4,3.2,1.36136
1245,5,4.3,5.4,3.2,1.36136
1246,5,6.2,5.4,3.2,1.36136
1247,5,8.1,5.4,3.2,1.36136
1248,5,10,5.4,3.2,1.36136
1249,5,0.5,5.4,5.4,1.36136
1250,5,2.4,5.4,5.4,1.36136
1251,5,4.3,5.4,5.4,1.36136
1252,5,6.2,5.4,5.4,1.36136
1253,5,8.1,5.4,5.4,1.36136
1254,5,10,5.4,5.4,1.36136
1255,5,0.5,5.4,7.6,1.36136
1256,5,2.4,5.4,7.6,1.36136
1257,5,4.3,5.4,7.6,1.36136
1258,5,6.2,5.4,7.6,1.36136
1259,5,8.1,5.4,7.6,1.36136
1260,5,10,5.4,7.6,1.36136
1261,5,0.5,5.4,9.8,1.36136
1262,5,2.4,5.4,9.8,1.36136
1263,5,4.3,5.4,9.8,1.36136
1264,5,6.2,5.4,9.8,1.36136
1265,5,8.1,5.4,9.8,1.36136
1266,5,10,5.4,9.8,1.36136
1267,5,0.5,7.6,1,1.36136
1268,5,2.4,7.6,1,1.36136
1269,5,4.3,7.6,1,1.36136
1270,5,6.2,7.6,1,1.36136
1271,5,8.1,7.6,1,1.36136
1272,5,10,7.6,1,1.36136
1273,5,0.5,7.6,3.2,1.36136
1274,5,2.4,7.6,3.2,1.36136
1275,5,4.3,7.6,3.2,1.36136
1276,5,6.2,7.6,3.2,1.36136
1277,5,8.1,7.6,3.2,1.36136
1278,5,10,7.6,3.2,1.36136
1279,5,0.5,7.6,5.4,1.36136
1280,5,2.4,7.6,5.4,1.36136
1281,5,4.3,7.6,5.4,1.36136
1282,5,6.2,7.6,5.4,1.36136
1283,5,8.1,7.6,5.4,1.36136
1284,5,10,7.6,5.4,1.36136
1285,5,0.5,7.6,7.6,1.36136
1286,5,2.4,7.6,7.6,1.36136
1287,5,4.3,7.6,7.6,1.36136
1288,5,6.2,7.6,7.6,1.36136
1289,5,8.1,7.6,7.6,1.36136
1290,5,10,7.6,7.6,1.36136
1291,5,0.5,7.6,9.8,1.36136
1292,5,2.4,7.6,9.8,1.36136
1293,5,4.3,7.6,9.8,1.36136
1294,5,6.2,7.6,9.8,1.36136
1295,5,8.1,7.6,9.8,1.36136
1296,5,10,7.6,9.8,1.36136
1297,5,0.5,9.8,1,1.36136
1298,5,2.4,9.8,1,1.36136
1299,5,4.3,9.8,1,1.36136
1300,5,6.2,9.8,1,1.36136
1301,5,8.1,9.8,1,1.36136
1302,5,10,9.8,1,1.36136
1303,5,0.5,9.8,3.2,1.36136
1304,5,2.4,9.8,3.2,1.36136
1305,5,4.3,9.8,3.2,1.36136
1306,5,6.2,9.8,3.2,1.36136
1307,5,8.1,9.8,3.2,1.36136
1308,5,10,9.8,3.2,1.36136
1309,5,0.5,9.8,5.4,1.36136
1310,5,2.4,9.8,5.4,1.36136
1311,5,4.3,9.8,5.4,1.36136
1312,5,6.2,9.8,5.4,1.36136
1313,5,8.1,9.8,5.4,1.36136
1314,5,10,9.8,5.4,1.36136
1315,5,0.5,9.8,7.6,1.36136
1316,5,2.4,9.8,7.6,1.36136
1317,5,4.3,9.8,7.6,1.36136
1318,5,6.2,9.8,7.6,1.36136
1319,5,8.1,9.8,7.6,1.36136
1320,5,10,9.8,7.6,1.36136
1321,5,0.5,9.8,9.8,1.36136
1322,5,2.4,9.8,9.8,1.36136
1323,5,4.3,9.8,9.8,1.36136
1324,5,6.2,9.8,9.8,1.36136
1325,5,8.1,9.8,9.8,1.36136
1326,5,10,9.8,9.8,1.36136
1327,5,0.5,1,1,1.39626
1328,5,2.4,1,1,1.39626
1329,5,4.3,1,1,1.39626
1330,5,6.2,1,1,1.39626
1331,5,8.1,1,1,1.39626
1332,5,10,1,1,1.39626
1333,5,0.5,1,3.2,1.39626
1334,5,2.4,1,3.2,1.39626
1335,5,4.3,1,3.2,1.39626
1336,5,6.2,1,3.2,1.39626
1337,5,8.1,1,3.2,1.39626
1338,5,10,1,3.2,1.39626
1339,5,0.5,1,5.4,1.39626
1340,5,2.4,1,5.4,1.39626
1341,5,4.3,1,5.4,1.39626
1342,5,6.2,1,5.4,1.39626
1343,5,8.1,1,5.4,1.39626
1344,5,10,1,5.4,1.39626
1345,5,0.5,1,7.6,1.39626
1346,5,2.4,1,7.6,1.39626
1347,5,4.3,1,7.6,1.39626
1348,5,6.2,1,7.6,1.39626
1349,5,8.1,1,7.6,1.39626
1350,5,10,1,7.6,1.39626
1351,5,0.5,1,9.8,1.39626
1352,5,2.4,1,9.8,1.39626
1353,5,4.3,1,9.8,1.39626
1354,5,6.2,1,9.8,1.39626
1355,5,8.1,1,9.8,1.39626
1356,5,10,1,9.8,1.39626
1357,5,0.5,3.2,1,1.39626
1358,5,2.4,3.2,1,1.39626
1359,5,4.3,3.2,1,1.39626
1360,5,6.2,3.2,1,1.39626
1361,5,8.1,3.2,1,1.39626
1362,5,10,3.2,1,1.39626
1363,5,0.5,3.2,3.2,1.39626
1364,5,2.4,3.2,3.2,1.39626
1365,5,4.3,3.2,3.2,1.39626
1366,5,6.2,3.2,3.2,1.39626
1367,5,8.1,3.2,3.2,1.39626
1368,5,10,3.2,3.2,1.39626
1369,5,0.5,3.2,5.4,1.39626
1370,5,2.4,3.2,5.4,1.39626
1371,5,4.3,3.2,5.4,1.39626
1372,5,6.2,3.2,5.4,1.39626
1373,5,8.1,3.2,5.4,1.39626
1374,5,10,3.2,5.4,1.39626
1375,5,0.5,3.2,7.6,1.39626
1376,5,2.4,3.2,7.6,1.39626
1377,5,4.3,3.2,7.6,1.39626
1378,5,6.2,3.2,7.6,1.39626
1379,5,8.1,3.2,7.6,1.39626
1380,5,10,3.2,7.6,1.39626
1381,5,0.5,3.2,9.8,1.39626
1382,5,2.4,3.2,9.8,1.39626
1383,5,4.3,3.2,9.8,1.39626
1384,5,6.2,3.2,9.8,1.39626
1385,5,8.1,3.2,9.8,1.39626
1386,5,10,3.2,9.8,1.39626
1387,5,0.5,5.4,1,1.39626
1388,5,2.4,5.4,1,1.39626
1389,5,4.3,5.4,1,1.39626
1390,5,6.2,5.4,1,1.39626
1391,5,8.1,5.4,1,1.39626
1392,5,10,5.4,1,1.39626
1393,5,0.5,5.4,3.2,1.39626
1394,5,2.4,5.4,3.2,1.39626
1395,5,4.3,5.4,3.2,1.39626
1396,5,6.2,5.4,3.2,1.39626
1397,5,8.1,5.4,3.2,1.39626
1398,5,10,5.4,3.2,1.39626
1399,5,0.5,5.4,5.4,1.39626
1400,5,2.4,5.4,5.4,1.39626
1401,5,4.3,5.4,5.4,1.39626
1402,5,6.2,5.4,5.4,1.39626
1403,5,8.1,5.4,5.4,1.39626
1404,5,10,5.4,5.4,1.39626
1405,5,0.5,5.4,7.6,1.39626
1406,5,2.4,5.4,7.6,1.39626
1407,5,4.3,5.4,7.6,1.39626
1408,5,6.2,5.4,7.6,1.39626
1409,5,8.1,5.4,7.6,1.39626
1410,5,10,5.4,7.6,1.39626
1411,5,0.5,5.4,9.8,1.39626
1412,5,2.4,5.4,9.8,1.39626
1413,5,4.3,5.4,9.8,1.39626
1414,5,6.2,5.4,9.8,1.39626
1415,5,8.1,5.4,9.8,1.39626
1416,5,10,5.4,9.8,1.39626
1417,5,0.5,7.6,1,1.39626
1418,5,2.4,7.6,1,1.39626
1419,5,4.3,7.6,1,1.39626
1420,5,6.2,7.6,1,1.39626
1421,5,8.1,7.6,1,1.39626
1422,5,10,7.6,1,1.39626
1423,5,0.5,7.6,3.2,1.39626
1424,5,2.4,7.6,3.2,1.39626
1425,5,4.3,7.6,3.2,1.39626
1426,5,6.2,7.6,3.2,1.39626
1427,5,8.1,7.6,3.2,1.39626
1428,5,10,7.6,3.2,1.39626
1429,5,0.5,7.6,5.4,1.39626
1430,5,2.4,7.6,5.4,1.39626
1431,5,4.3,7.6,5.4,1.39626
1432,5,6.2,7.6,5.4,1.39626
1433,5,8.1,7.6,5.4,1.39626
1434,5,10,7.6,5.4,1.39626
1435,5,0.5,7.6,7.6,1.39626
1436,5,2.4,7.6,7.6,1.39626
1437,5,4.3,7.6,7.6,1.39626
1438,5,6.2,7.6,7.6,1.39626
1439,5,8.1,7.6,7.6,1.39626
1440,5,10,7.6,7.6,1.39626
1441,5,0.5,7.6,9.8,1.39626
1442,5,2.4,7.6,9.8,1.39626
1443,5,4.3,7.6,9.8,1.39626
1444,5,6.2,7.6,9.8,1.39626
1445,5,8.1,7.6,9.8,1.39626
1446,5,10,7.6,9.8,1.39626
1447,5,0.5,9.8,1,1.39626
1448,5,2.4,9.8,1,1.39626
1449,5,4.3,9.8,1,1.39626
1450,5,6.2,9.8,1,1.39626
1451,5,8.1,9.8,1,1.39626
1452,5,10,9.8,1,1.39626
1453,5,0.5,9.8,3.2,1.39626
1454,5,2.4,9.8,3.2,1.39626
1455,5,4.3,9.8,3.2,1.39626
1456,5,6.2,9.8,3.2,1.39626
1457,5,8.1,9.8,3.2,1.39626
1458,5,10,9.8,3.2,1.39626
1459,5,0.5,9.8,5.4,1.39626
1460,5,2.4,9.8,5.4,1.39626
1461,5,4.3,9.8,5.4,1.39626
1462,5,6.2,9.8,5.4,1.39626
1463,5,8.1,9.8,5.4,1.39626
1464,5,10,9.8,5.4,1.39626
1465,5,0.5,9.8,7.6,1.39626
1466,5,2.4,9.8,7.6,1.39626
1467,5,4.3,9.8,7.6,1.39626
1468,5,6.2,9.8,7.6,1.39626
1469,5,8.1,9.8,7.6,1.39626
1470,5,10,9.8,7.6,1.39626
1471,5,0.5,9.8,9.8,1.39626
1472,5,2.4,9.8,9.8,1.39626
1473,5,4.3,9.8,9.8,1.39626
1474,5,6.2,9.8,9.8,1.39626
1475,5,8.1,9.8,9.8,1.39626
1476,5,10,9.8,9.8,1.39626
